club,season,matches,total_points,goals_for,goals_against,points_per_game,goal_diff,season_label,press_degree,press_strength,club_raw_press,press_component_id,press_component_size,reddit_degree,reddit_strength,club_raw_reddit,reddit_component_id,reddit_component_size,press_strength_norm,reddit_strength_norm,press_comp_share,reddit_comp_share,press_in_giant,reddit_in_giant,press_strength_z,reddit_strength_z,press_to_reddit_strength_ratio,n_transfers,total_spend_eur_m,total_income_eur_m,net_spend_eur_m,operating_expenses,operating_profit,player_trading_profit,revenue
AFC Bournemouth,1920,38,34,40.0,65.0,0.8947368421052632,-25.0,19/20,1508,72620,AFC Bournemouth,0,1683,23.0,32.0,AFC Bournemouth,0.0,205.0,0.2511620828952465,0.1111111111111111,1.0,1.0,True,True,-0.7925633536165856,-0.5357438790780154,2.260458746057219,162,302.1,78.515,223.58500000000004,212000,-70000,21027,65584
AFC Bournemouth,2223,38,39,37.0,71.0,1.0263157894736843,-34.0,22/23,1508,72620,AFC Bournemouth,0,1683,23.0,32.0,AFC Bournemouth,0.0,205.0,0.2511620828952465,0.1111111111111111,1.0,1.0,True,True,-0.7925633536165856,-0.5357438790780154,2.260458746057219,162,302.1,78.515,223.58500000000004,212000,-70000,21027,65584
AFC Bournemouth,2324,38,48,54.0,67.0,1.263157894736842,-13.0,23/24,1508,72620,AFC Bournemouth,0,1683,23.0,32.0,AFC Bournemouth,0.0,205.0,0.2511620828952465,0.1111111111111111,1.0,1.0,True,True,-0.7925633536165856,-0.5357438790780154,2.260458746057219,162,302.1,78.515,223.58500000000004,212000,-70000,21027,65584
AFC Bournemouth,2425,38,56,58.0,46.0,1.4736842105263157,12.0,24/25,1508,72620,AFC Bournemouth,0,1683,23.0,32.0,AFC Bournemouth,0.0,205.0,0.2511620828952465,0.1111111111111111,1.0,1.0,True,True,-0.7925633536165856,-0.5357438790780154,2.260458746057219,162,302.1,78.515,223.58500000000004,212000,-70000,21027,65584
AFC Bournemouth,2526,38,18,17.0,14.0,0.47368421052631576,3.0,25/26,1508,72620,AFC Bournemouth,0,1683,23.0,32.0,AFC Bournemouth,0.0,205.0,0.2511620828952465,0.1111111111111111,1.0,1.0,True,True,-0.7925633536165856,-0.5357438790780154,2.260458746057219,162,302.1,78.515,223.58500000000004,212000,-70000,21027,65584
Arsenal,1920,38,56,56.0,48.0,1.4736842105263157,8.0,19/20,1570,149741,Arsenal,0,1683,48.0,136.0,Arsenal,0.0,205.0,0.517891234574733,0.4722222222222222,1.0,1.0,True,True,0.3243970484949929,0.7867528791826789,1.09671084968767,212,952.58,309.45,643.1300000000001,544136,-76826,29970,435000
Arsenal,2021,38,61,55.0,39.0,1.605263157894737,16.0,20/21,1570,149741,Arsenal,0,1683,48.0,136.0,Arsenal,0.0,205.0,0.517891234574733,0.4722222222222222,1.0,1.0,True,True,0.3243970484949929,0.7867528791826789,1.09671084968767,212,952.58,309.45,643.1300000000001,544136,-76826,29970,435000
Arsenal,2122,38,69,61.0,48.0,1.8157894736842106,13.0,21/22,1570,149741,Arsenal,0,1683,48.0,136.0,Arsenal,0.0,205.0,0.517891234574733,0.4722222222222222,1.0,1.0,True,True,0.3243970484949929,0.7867528791826789,1.09671084968767,212,952.58,309.45,643.1300000000001,544136,-76826,29970,435000
Arsenal,2223,38,84,88.0,43.0,2.210526315789474,45.0,22/23,1570,149741,Arsenal,0,1683,48.0,136.0,Arsenal,0.0,205.0,0.517891234574733,0.4722222222222222,1.0,1.0,True,True,0.3243970484949929,0.7867528791826789,1.09671084968767,212,952.58,309.45,643.1300000000001,544136,-76826,29970,435000
Arsenal,2324,38,89,91.0,29.0,2.3421052631578947,62.0,23/24,1570,149741,Arsenal,0,1683,48.0,136.0,Arsenal,0.0,205.0,0.517891234574733,0.4722222222222222,1.0,1.0,True,True,0.3243970484949929,0.7867528791826789,1.09671084968767,212,952.58,309.45,643.1300000000001,544136,-76826,29970,435000
Arsenal,2425,38,74,69.0,34.0,1.9473684210526316,35.0,24/25,1570,149741,Arsenal,0,1683,48.0,136.0,Arsenal,0.0,205.0,0.517891234574733,0.4722222222222222,1.0,1.0,True,True,0.3243970484949929,0.7867528791826789,1.09671084968767,212,952.58,309.45,643.1300000000001,544136,-76826,29970,435000
Arsenal,2526,38,25,18.0,3.0,0.6578947368421053,15.0,25/26,1570,149741,Arsenal,0,1683,48.0,136.0,Arsenal,0.0,205.0,0.517891234574733,0.4722222222222222,1.0,1.0,True,True,0.3243970484949929,0.7867528791826789,1.09671084968767,212,952.58,309.45,643.1300000000001,544136,-76826,29970,435000
Aston Villa,1920,38,35,41.0,67.0,0.9210526315789473,-26.0,19/20,1541,115807,Aston Villa,0,1683,14.0,28.0,Aston Villa,0.0,205.0,0.4005277793149244,0.0972222222222222,1.0,1.0,True,True,-0.1670765356812276,-0.5866091390111191,4.119714301524937,157,490.81,186.76999999999998,304.04,327500,-107500,120189,236000
Aston Villa,2021,38,55,55.0,46.0,1.4473684210526316,9.0,20/21,1541,115807,Aston Villa,0,1683,14.0,28.0,Aston Villa,0.0,205.0,0.4005277793149244,0.0972222222222222,1.0,1.0,True,True,-0.1670765356812276,-0.5866091390111191,4.119714301524937,157,490.81,186.76999999999998,304.04,327500,-107500,120189,236000
Aston Villa,2122,38,45,52.0,54.0,1.1842105263157894,-2.0,21/22,1541,115807,Aston Villa,0,1683,14.0,28.0,Aston Villa,0.0,205.0,0.4005277793149244,0.0972222222222222,1.0,1.0,True,True,-0.1670765356812276,-0.5866091390111191,4.119714301524937,157,490.81,186.76999999999998,304.04,327500,-107500,120189,236000
Aston Villa,2223,38,61,51.0,46.0,1.605263157894737,5.0,22/23,1541,115807,Aston Villa,0,1683,14.0,28.0,Aston Villa,0.0,205.0,0.4005277793149244,0.0972222222222222,1.0,1.0,True,True,-0.1670765356812276,-0.5866091390111191,4.119714301524937,157,490.81,186.76999999999998,304.04,327500,-107500,120189,236000
Aston Villa,2324,38,68,76.0,61.0,1.7894736842105263,15.0,23/24,1541,115807,Aston Villa,0,1683,14.0,28.0,Aston Villa,0.0,205.0,0.4005277793149244,0.0972222222222222,1.0,1.0,True,True,-0.1670765356812276,-0.5866091390111191,4.119714301524937,157,490.81,186.76999999999998,304.04,327500,-107500,120189,236000
Aston Villa,2425,38,66,58.0,51.0,1.736842105263158,7.0,24/25,1541,115807,Aston Villa,0,1683,14.0,28.0,Aston Villa,0.0,205.0,0.4005277793149244,0.0972222222222222,1.0,1.0,True,True,-0.1670765356812276,-0.5866091390111191,4.119714301524937,157,490.81,186.76999999999998,304.04,327500,-107500,120189,236000
Aston Villa,2526,38,15,9.0,10.0,0.39473684210526316,-1.0,25/26,1541,115807,Aston Villa,0,1683,14.0,28.0,Aston Villa,0.0,205.0,0.4005277793149244,0.0972222222222222,1.0,1.0,True,True,-0.1670765356812276,-0.5866091390111191,4.119714301524937,157,490.81,186.76999999999998,304.04,327500,-107500,120189,236000
Brentford,2122,38,46,48.0,56.0,1.2105263157894737,-8.0,21/22,1435,73189,Brentford,0,1683,6.0,9.0,Brentford,0.0,205.0,0.2531300149410658,0.03125,1.0,1.0,True,True,-0.784322401491983,-0.8282191236933613,8.100160478114105,68,88.2,4.6,83.60000000000001,117000,25100,5900,172000
Brentford,2223,38,59,58.0,46.0,1.5526315789473684,12.0,22/23,1435,73189,Brentford,0,1683,6.0,9.0,Brentford,0.0,205.0,0.2531300149410658,0.03125,1.0,1.0,True,True,-0.784322401491983,-0.8282191236933613,8.100160478114105,68,88.2,4.6,83.60000000000001,117000,25100,5900,172000
Brentford,2324,38,39,56.0,65.0,1.0263157894736843,-9.0,23/24,1435,73189,Brentford,0,1683,6.0,9.0,Brentford,0.0,205.0,0.2531300149410658,0.03125,1.0,1.0,True,True,-0.784322401491983,-0.8282191236933613,8.100160478114105,68,88.2,4.6,83.60000000000001,117000,25100,5900,172000
Brentford,2425,38,56,66.0,57.0,1.4736842105263157,9.0,24/25,1435,73189,Brentford,0,1683,6.0,9.0,Brentford,0.0,205.0,0.2531300149410658,0.03125,1.0,1.0,True,True,-0.784322401491983,-0.8282191236933613,8.100160478114105,68,88.2,4.6,83.60000000000001,117000,25100,5900,172000
Brentford,2526,38,13,14.0,16.0,0.34210526315789475,-2.0,25/26,1435,73189,Brentford,0,1683,6.0,9.0,Brentford,0.0,205.0,0.2531300149410658,0.03125,1.0,1.0,True,True,-0.784322401491983,-0.8282191236933613,8.100160478114105,68,88.2,4.6,83.60000000000001,117000,25100,5900,172000
Brighton & Hove Albion,1920,38,41,39.0,54.0,1.0789473684210527,-15.0,19/20,1514,122193,Brighton & Hove Albion,0,1683,31.0,112.0,Brighton & Hove Albion,0.0,205.0,0.4226142714846992,0.3888888888888889,1.0,1.0,True,True,-0.0745866933829618,0.4815613195840572,1.0867224123892267,305,383.32,259.52,123.80000000000001,269000,-50000,24100,257200
Brighton & Hove Albion,2021,38,41,40.0,46.0,1.0789473684210527,-6.0,20/21,1514,122193,Brighton & Hove Albion,0,1683,31.0,112.0,Brighton & Hove Albion,0.0,205.0,0.4226142714846992,0.3888888888888889,1.0,1.0,True,True,-0.0745866933829618,0.4815613195840572,1.0867224123892267,305,383.32,259.52,123.80000000000001,269000,-50000,24100,257200
Brighton & Hove Albion,2122,38,51,42.0,44.0,1.3421052631578947,-2.0,21/22,1514,122193,Brighton & Hove Albion,0,1683,31.0,112.0,Brighton & Hove Albion,0.0,205.0,0.4226142714846992,0.3888888888888889,1.0,1.0,True,True,-0.0745866933829618,0.4815613195840572,1.0867224123892267,305,383.32,259.52,123.80000000000001,269000,-50000,24100,257200
Brighton & Hove Albion,2223,38,62,72.0,53.0,1.631578947368421,19.0,22/23,1514,122193,Brighton & Hove Albion,0,1683,31.0,112.0,Brighton & Hove Albion,0.0,205.0,0.4226142714846992,0.3888888888888889,1.0,1.0,True,True,-0.0745866933829618,0.4815613195840572,1.0867224123892267,305,383.32,259.52,123.80000000000001,269000,-50000,24100,257200
Brighton & Hove Albion,2324,38,48,55.0,62.0,1.263157894736842,-7.0,23/24,1514,122193,Brighton & Hove Albion,0,1683,31.0,112.0,Brighton & Hove Albion,0.0,205.0,0.4226142714846992,0.3888888888888889,1.0,1.0,True,True,-0.0745866933829618,0.4815613195840572,1.0867224123892267,305,383.32,259.52,123.80000000000001,269000,-50000,24100,257200
Brighton & Hove Albion,2425,38,61,66.0,59.0,1.605263157894737,7.0,24/25,1514,122193,Brighton & Hove Albion,0,1683,31.0,112.0,Brighton & Hove Albion,0.0,205.0,0.4226142714846992,0.3888888888888889,1.0,1.0,True,True,-0.0745866933829618,0.4815613195840572,1.0867224123892267,305,383.32,259.52,123.80000000000001,269000,-50000,24100,257200
Brighton & Hove Albion,2526,38,15,17.0,15.0,0.39473684210526316,2.0,25/26,1514,122193,Brighton & Hove Albion,0,1683,31.0,112.0,Brighton & Hove Albion,0.0,205.0,0.4226142714846992,0.3888888888888889,1.0,1.0,True,True,-0.0745866933829618,0.4815613195840572,1.0867224123892267,305,383.32,259.52,123.80000000000001,269000,-50000,24100,257200
Burnley,1920,38,54,43.0,50.0,1.4210526315789473,-7.0,19/20,1477,84344,Burnley,0,1683,14.0,23.0,Burnley,0.0,205.0,0.2917104753472414,0.0798611111111111,1.0,1.0,True,True,-0.6227620834780223,-0.6501907139274986,3.652722473913285,154,188.69,115.55,73.14,172100,48800,65000,135200
Burnley,2021,38,39,33.0,55.0,1.0263157894736843,-22.0,20/21,1477,84344,Burnley,0,1683,14.0,23.0,Burnley,0.0,205.0,0.2917104753472414,0.0798611111111111,1.0,1.0,True,True,-0.6227620834780223,-0.6501907139274986,3.652722473913285,154,188.69,115.55,73.14,172100,48800,65000,135200
Burnley,2122,38,35,34.0,53.0,0.9210526315789473,-19.0,21/22,1477,84344,Burnley,0,1683,14.0,23.0,Burnley,0.0,205.0,0.2917104753472414,0.0798611111111111,1.0,1.0,True,True,-0.6227620834780223,-0.6501907139274986,3.652722473913285,154,188.69,115.55,73.14,172100,48800,65000,135200
Burnley,2324,38,24,41.0,78.0,0.631578947368421,-37.0,23/24,1477,84344,Burnley,0,1683,14.0,23.0,Burnley,0.0,205.0,0.2917104753472414,0.0798611111111111,1.0,1.0,True,True,-0.6227620834780223,-0.6501907139274986,3.652722473913285,154,188.69,115.55,73.14,172100,48800,65000,135200
Burnley,2526,38,10,12.0,19.0,0.2631578947368421,-7.0,25/26,1477,84344,Burnley,0,1683,14.0,23.0,Burnley,0.0,205.0,0.2917104753472414,0.0798611111111111,1.0,1.0,True,True,-0.6227620834780223,-0.6501907139274986,3.652722473913285,154,188.69,115.55,73.14,172100,48800,65000,135200
Chelsea,1920,38,66,69.0,54.0,1.736842105263158,15.0,19/20,1607,249450,Chelsea,0,1683,72.0,288.0,Chelsea,0.0,205.0,0.8627427923191854,1.0,1.0,1.0,True,True,1.7685044217674273,2.719632756640617,0.8627427923191854,382,1623.79,791.216,832.574,891400,-148800,154000,586000
Chelsea,2021,38,67,58.0,36.0,1.763157894736842,22.0,20/21,1607,249450,Chelsea,0,1683,72.0,288.0,Chelsea,0.0,205.0,0.8627427923191854,1.0,1.0,1.0,True,True,1.7685044217674273,2.719632756640617,0.8627427923191854,382,1623.79,791.216,832.574,891400,-148800,154000,586000
Chelsea,2122,38,74,76.0,33.0,1.9473684210526316,43.0,21/22,1607,249450,Chelsea,0,1683,72.0,288.0,Chelsea,0.0,205.0,0.8627427923191854,1.0,1.0,1.0,True,True,1.7685044217674273,2.719632756640617,0.8627427923191854,382,1623.79,791.216,832.574,891400,-148800,154000,586000
Chelsea,2223,38,44,38.0,47.0,1.1578947368421053,-9.0,22/23,1607,249450,Chelsea,0,1683,72.0,288.0,Chelsea,0.0,205.0,0.8627427923191854,1.0,1.0,1.0,True,True,1.7685044217674273,2.719632756640617,0.8627427923191854,382,1623.79,791.216,832.574,891400,-148800,154000,586000
Chelsea,2324,38,63,77.0,63.0,1.6578947368421053,14.0,23/24,1607,249450,Chelsea,0,1683,72.0,288.0,Chelsea,0.0,205.0,0.8627427923191854,1.0,1.0,1.0,True,True,1.7685044217674273,2.719632756640617,0.8627427923191854,382,1623.79,791.216,832.574,891400,-148800,154000,586000
Chelsea,2425,38,69,64.0,43.0,1.8157894736842106,21.0,24/25,1607,249450,Chelsea,0,1683,72.0,288.0,Chelsea,0.0,205.0,0.8627427923191854,1.0,1.0,1.0,True,True,1.7685044217674273,2.719632756640617,0.8627427923191854,382,1623.79,791.216,832.574,891400,-148800,154000,586000
Chelsea,2526,38,17,18.0,11.0,0.4473684210526316,7.0,25/26,1607,249450,Chelsea,0,1683,72.0,288.0,Chelsea,0.0,205.0,0.8627427923191854,1.0,1.0,1.0,True,True,1.7685044217674273,2.719632756640617,0.8627427923191854,382,1623.79,791.216,832.574,891400,-148800,154000,586000
Everton,1920,38,49,44.0,56.0,1.2894736842105263,-12.0,19/20,1568,169552,Everton,0,1683,42.0,93.0,Everton,0.0,205.0,0.5864091638536882,0.3229166666666667,1.0,1.0,True,True,0.6113241179862146,0.2399513349018149,1.8159767654823893,264,708.07,457.66,250.41000000000003,270200,-38000,-15600,246558
Everton,2021,38,59,47.0,48.0,1.5526315789473684,-1.0,20/21,1568,169552,Everton,0,1683,42.0,93.0,Everton,0.0,205.0,0.5864091638536882,0.3229166666666667,1.0,1.0,True,True,0.6113241179862146,0.2399513349018149,1.8159767654823893,264,708.07,457.66,250.41000000000003,270200,-38000,-15600,246558
Everton,2122,38,39,43.0,66.0,1.0263157894736843,-23.0,21/22,1568,169552,Everton,0,1683,42.0,93.0,Everton,0.0,205.0,0.5864091638536882,0.3229166666666667,1.0,1.0,True,True,0.6113241179862146,0.2399513349018149,1.8159767654823893,264,708.07,457.66,250.41000000000003,270200,-38000,-15600,246558
Everton,2223,38,36,34.0,57.0,0.9473684210526315,-23.0,22/23,1568,169552,Everton,0,1683,42.0,93.0,Everton,0.0,205.0,0.5864091638536882,0.3229166666666667,1.0,1.0,True,True,0.6113241179862146,0.2399513349018149,1.8159767654823893,264,708.07,457.66,250.41000000000003,270200,-38000,-15600,246558
Everton,2324,38,48,40.0,51.0,1.263157894736842,-11.0,23/24,1568,169552,Everton,0,1683,42.0,93.0,Everton,0.0,205.0,0.5864091638536882,0.3229166666666667,1.0,1.0,True,True,0.6113241179862146,0.2399513349018149,1.8159767654823893,264,708.07,457.66,250.41000000000003,270200,-38000,-15600,246558
Everton,2425,38,48,42.0,44.0,1.263157894736842,-2.0,24/25,1568,169552,Everton,0,1683,42.0,93.0,Everton,0.0,205.0,0.5864091638536882,0.3229166666666667,1.0,1.0,True,True,0.6113241179862146,0.2399513349018149,1.8159767654823893,264,708.07,457.66,250.41000000000003,270200,-38000,-15600,246558
Everton,2526,38,11,9.0,12.0,0.2894736842105263,-3.0,25/26,1568,169552,Everton,0,1683,42.0,93.0,Everton,0.0,205.0,0.5864091638536882,0.3229166666666667,1.0,1.0,True,True,0.6113241179862146,0.2399513349018149,1.8159767654823893,264,708.07,457.66,250.41000000000003,270200,-38000,-15600,246558
Fulham,2021,38,28,27.0,53.0,0.7368421052631579,-26.0,20/21,1514,84596,Fulham,0,1683,32.0,47.0,Fulham,0.0,205.0,0.2925820375186763,0.1631944444444444,1.0,1.0,True,True,-0.6191123120625567,-0.3449991543288768,1.7928431235186977,110,224.25,26.25,198.0,144300,-72900,-15900,88975
Fulham,2223,38,52,55.0,53.0,1.368421052631579,2.0,22/23,1514,84596,Fulham,0,1683,32.0,47.0,Fulham,0.0,205.0,0.2925820375186763,0.1631944444444444,1.0,1.0,True,True,-0.6191123120625567,-0.3449991543288768,1.7928431235186977,110,224.25,26.25,198.0,144300,-72900,-15900,88975
Fulham,2324,38,47,55.0,61.0,1.236842105263158,-6.0,23/24,1514,84596,Fulham,0,1683,32.0,47.0,Fulham,0.0,205.0,0.2925820375186763,0.1631944444444444,1.0,1.0,True,True,-0.6191123120625567,-0.3449991543288768,1.7928431235186977,110,224.25,26.25,198.0,144300,-72900,-15900,88975
Fulham,2425,38,54,54.0,54.0,1.4210526315789473,0.0,24/25,1514,84596,Fulham,0,1683,32.0,47.0,Fulham,0.0,205.0,0.2925820375186763,0.1631944444444444,1.0,1.0,True,True,-0.6191123120625567,-0.3449991543288768,1.7928431235186977,110,224.25,26.25,198.0,144300,-72900,-15900,88975
Fulham,2526,38,11,12.0,14.0,0.2894736842105263,-2.0,25/26,1514,84596,Fulham,0,1683,32.0,47.0,Fulham,0.0,205.0,0.2925820375186763,0.1631944444444444,1.0,1.0,True,True,-0.6191123120625567,-0.3449991543288768,1.7928431235186977,110,224.25,26.25,198.0,144300,-72900,-15900,88975
Leeds United,2021,38,59,62.0,54.0,1.5526315789473684,8.0,20/21,1493,68119,Leeds United,0,1683,21.0,42.0,Leeds United,0.0,205.0,0.2355950141110065,0.1458333333333333,1.0,1.0,True,True,-0.857752326398373,-0.4085807292452563,1.6155086681897592,94,317.09000000000003,108.7,208.39000000000004,246200,-41800,1200,234260
Leeds United,2122,38,38,42.0,79.0,1.0,-37.0,21/22,1493,68119,Leeds United,0,1683,21.0,42.0,Leeds United,0.0,205.0,0.2355950141110065,0.1458333333333333,1.0,1.0,True,True,-0.857752326398373,-0.4085807292452563,1.6155086681897592,94,317.09000000000003,108.7,208.39000000000004,246200,-41800,1200,234260
Leeds United,2223,38,31,48.0,78.0,0.8157894736842105,-30.0,22/23,1493,68119,Leeds United,0,1683,21.0,42.0,Leeds United,0.0,205.0,0.2355950141110065,0.1458333333333333,1.0,1.0,True,True,-0.857752326398373,-0.4085807292452563,1.6155086681897592,94,317.09000000000003,108.7,208.39000000000004,246200,-41800,1200,234260
Leeds United,2526,38,11,9.0,17.0,0.2894736842105263,-8.0,25/26,1493,68119,Leeds United,0,1683,21.0,42.0,Leeds United,0.0,205.0,0.2355950141110065,0.1458333333333333,1.0,1.0,True,True,-0.857752326398373,-0.4085807292452563,1.6155086681897592,94,317.09000000000003,108.7,208.39000000000004,246200,-41800,1200,234260
Leicester City,1920,38,62,67.0,41.0,1.631578947368421,26.0,19/20,1492,107170,Leicester City,0,1683,15.0,19.0,Leicester City,0.0,205.0,0.370656023463007,0.0659722222222222,1.0,1.0,True,True,-0.2921681059803381,-0.7010559738606023,5.618364987228738,187,569.845,439.62,130.22500000000002,405000,-114000,54200,264487
Leicester City,2021,38,66,68.0,50.0,1.736842105263158,18.0,20/21,1492,107170,Leicester City,0,1683,15.0,19.0,Leicester City,0.0,205.0,0.370656023463007,0.0659722222222222,1.0,1.0,True,True,-0.2921681059803381,-0.7010559738606023,5.618364987228738,187,569.845,439.62,130.22500000000002,405000,-114000,54200,264487
Leicester City,2122,38,52,62.0,59.0,1.368421052631579,3.0,21/22,1492,107170,Leicester City,0,1683,15.0,19.0,Leicester City,0.0,205.0,0.370656023463007,0.0659722222222222,1.0,1.0,True,True,-0.2921681059803381,-0.7010559738606023,5.618364987228738,187,569.845,439.62,130.22500000000002,405000,-114000,54200,264487
Leicester City,2223,38,34,51.0,68.0,0.8947368421052632,-17.0,22/23,1492,107170,Leicester City,0,1683,15.0,19.0,Leicester City,0.0,205.0,0.370656023463007,0.0659722222222222,1.0,1.0,True,True,-0.2921681059803381,-0.7010559738606023,5.618364987228738,187,569.845,439.62,130.22500000000002,405000,-114000,54200,264487
Leicester City,2425,38,25,33.0,80.0,0.6578947368421053,-47.0,24/25,1492,107170,Leicester City,0,1683,15.0,19.0,Leicester City,0.0,205.0,0.370656023463007,0.0659722222222222,1.0,1.0,True,True,-0.2921681059803381,-0.7010559738606023,5.618364987228738,187,569.845,439.62,130.22500000000002,405000,-114000,54200,264487
Liverpool,1920,38,99,85.0,33.0,2.6052631578947367,52.0,19/20,1615,267780,Liverpool,0,1683,82.0,273.0,Liverpool,0.0,205.0,0.926138564550938,0.9479166666666666,1.0,1.0,True,True,2.033981842582837,2.5288880318914777,0.9770252988669236,209,748.1,483.15,264.95000000000005,666000,41200,34500,725000
Liverpool,2021,38,69,68.0,42.0,1.8157894736842106,26.0,20/21,1615,267780,Liverpool,0,1683,82.0,273.0,Liverpool,0.0,205.0,0.926138564550938,0.9479166666666666,1.0,1.0,True,True,2.033981842582837,2.5288880318914777,0.9770252988669236,209,748.1,483.15,264.95000000000005,666000,41200,34500,725000
Liverpool,2122,38,92,94.0,26.0,2.4210526315789473,68.0,21/22,1615,267780,Liverpool,0,1683,82.0,273.0,Liverpool,0.0,205.0,0.926138564550938,0.9479166666666666,1.0,1.0,True,True,2.033981842582837,2.5288880318914777,0.9770252988669236,209,748.1,483.15,264.95000000000005,666000,41200,34500,725000
Liverpool,2223,38,67,75.0,47.0,1.763157894736842,28.0,22/23,1615,267780,Liverpool,0,1683,82.0,273.0,Liverpool,0.0,205.0,0.926138564550938,0.9479166666666666,1.0,1.0,True,True,2.033981842582837,2.5288880318914777,0.9770252988669236,209,748.1,483.15,264.95000000000005,666000,41200,34500,725000
Liverpool,2324,38,82,86.0,41.0,2.1578947368421053,45.0,23/24,1615,267780,Liverpool,0,1683,82.0,273.0,Liverpool,0.0,205.0,0.926138564550938,0.9479166666666666,1.0,1.0,True,True,2.033981842582837,2.5288880318914777,0.9770252988669236,209,748.1,483.15,264.95000000000005,666000,41200,34500,725000
Liverpool,2425,38,84,86.0,41.0,2.210526315789474,45.0,24/25,1615,267780,Liverpool,0,1683,82.0,273.0,Liverpool,0.0,205.0,0.926138564550938,0.9479166666666666,1.0,1.0,True,True,2.033981842582837,2.5288880318914777,0.9770252988669236,209,748.1,483.15,264.95000000000005,666000,41200,34500,725000
Liverpool,2526,38,18,18.0,14.0,0.47368421052631576,4.0,25/26,1615,267780,Liverpool,0,1683,82.0,273.0,Liverpool,0.0,205.0,0.926138564550938,0.9479166666666666,1.0,1.0,True,True,2.033981842582837,2.5288880318914777,0.9770252988669236,209,748.1,483.15,264.95000000000005,666000,41200,34500,725000
Manchester City,1920,38,81,102.0,35.0,2.1315789473684212,67.0,19/20,1603,194962,Manchester City,0,1683,53.0,121.0,Manchester City,0.0,205.0,0.6742916828067069,0.4201388888888889,1.0,1.0,True,True,0.9793427357123232,0.5960081544335403,1.6049256582506743,342,1227.91,587.95,639.96,778000,-22000,75178,815000
Manchester City,2021,38,86,83.0,32.0,2.263157894736842,51.0,20/21,1603,194962,Manchester City,0,1683,53.0,121.0,Manchester City,0.0,205.0,0.6742916828067069,0.4201388888888889,1.0,1.0,True,True,0.9793427357123232,0.5960081544335403,1.6049256582506743,342,1227.91,587.95,639.96,778000,-22000,75178,815000
Manchester City,2122,38,93,99.0,26.0,2.4473684210526314,73.0,21/22,1603,194962,Manchester City,0,1683,53.0,121.0,Manchester City,0.0,205.0,0.6742916828067069,0.4201388888888889,1.0,1.0,True,True,0.9793427357123232,0.5960081544335403,1.6049256582506743,342,1227.91,587.95,639.96,778000,-22000,75178,815000
Manchester City,2223,38,89,94.0,33.0,2.3421052631578947,61.0,22/23,1603,194962,Manchester City,0,1683,53.0,121.0,Manchester City,0.0,205.0,0.6742916828067069,0.4201388888888889,1.0,1.0,True,True,0.9793427357123232,0.5960081544335403,1.6049256582506743,342,1227.91,587.95,639.96,778000,-22000,75178,815000
Manchester City,2324,38,91,96.0,34.0,2.3947368421052633,62.0,23/24,1603,194962,Manchester City,0,1683,53.0,121.0,Manchester City,0.0,205.0,0.6742916828067069,0.4201388888888889,1.0,1.0,True,True,0.9793427357123232,0.5960081544335403,1.6049256582506743,342,1227.91,587.95,639.96,778000,-22000,75178,815000
Manchester City,2425,38,71,72.0,44.0,1.868421052631579,28.0,24/25,1603,194962,Manchester City,0,1683,53.0,121.0,Manchester City,0.0,205.0,0.6742916828067069,0.4201388888888889,1.0,1.0,True,True,0.9793427357123232,0.5960081544335403,1.6049256582506743,342,1227.91,587.95,639.96,778000,-22000,75178,815000
Manchester City,2526,38,19,20.0,8.0,0.5,12.0,25/26,1603,194962,Manchester City,0,1683,53.0,121.0,Manchester City,0.0,205.0,0.6742916828067069,0.4201388888888889,1.0,1.0,True,True,0.9793427357123232,0.5960081544335403,1.6049256582506743,342,1227.91,587.95,639.96,778000,-22000,75178,815000
Manchester United,1920,38,66,66.0,36.0,1.736842105263158,30.0,19/20,1596,211129,Manchester United,0,1683,44.0,75.0,Manchester United,0.0,205.0,0.7302065464003099,0.2604166666666667,1.0,1.0,True,True,1.2134929518783206,0.0110576652028486,2.80399313817719,195,1167.99,266.18,901.81,667778,-115510,53800,700000
Manchester United,2021,38,74,73.0,44.0,1.9473684210526316,29.0,20/21,1596,211129,Manchester United,0,1683,44.0,75.0,Manchester United,0.0,205.0,0.7302065464003099,0.2604166666666667,1.0,1.0,True,True,1.2134929518783206,0.0110576652028486,2.80399313817719,195,1167.99,266.18,901.81,667778,-115510,53800,700000
Manchester United,2122,38,58,57.0,57.0,1.5263157894736843,0.0,21/22,1596,211129,Manchester United,0,1683,44.0,75.0,Manchester United,0.0,205.0,0.7302065464003099,0.2604166666666667,1.0,1.0,True,True,1.2134929518783206,0.0110576652028486,2.80399313817719,195,1167.99,266.18,901.81,667778,-115510,53800,700000
Manchester United,2223,38,75,58.0,43.0,1.9736842105263157,15.0,22/23,1596,211129,Manchester United,0,1683,44.0,75.0,Manchester United,0.0,205.0,0.7302065464003099,0.2604166666666667,1.0,1.0,True,True,1.2134929518783206,0.0110576652028486,2.80399313817719,195,1167.99,266.18,901.81,667778,-115510,53800,700000
Manchester United,2324,38,60,57.0,58.0,1.5789473684210527,-1.0,23/24,1596,211129,Manchester United,0,1683,44.0,75.0,Manchester United,0.0,205.0,0.7302065464003099,0.2604166666666667,1.0,1.0,True,True,1.2134929518783206,0.0110576652028486,2.80399313817719,195,1167.99,266.18,901.81,667778,-115510,53800,700000
Manchester United,2425,38,42,44.0,54.0,1.105263157894737,-10.0,24/25,1596,211129,Manchester United,0,1683,44.0,75.0,Manchester United,0.0,205.0,0.7302065464003099,0.2604166666666667,1.0,1.0,True,True,1.2134929518783206,0.0110576652028486,2.80399313817719,195,1167.99,266.18,901.81,667778,-115510,53800,700000
Manchester United,2526,38,17,17.0,16.0,0.4473684210526316,1.0,25/26,1596,211129,Manchester United,0,1683,44.0,75.0,Manchester United,0.0,205.0,0.7302065464003099,0.2604166666666667,1.0,1.0,True,True,1.2134929518783206,0.0110576652028486,2.80399313817719,195,1167.99,266.18,901.81,667778,-115510,53800,700000
Norwich City,1920,38,21,26.0,75.0,0.5526315789473685,-49.0,19/20,1461,55685,Norwich City,0,1683,5.0,8.0,Norwich City,0.0,205.0,0.1925910298267943,0.0277777777777777,1.0,1.0,True,True,-1.0378366826678114,-0.8409354386766371,6.933277073764596,115,72.865,40.6,32.26499999999999,202500,3645,-26700,96310
Norwich City,2122,38,22,23.0,84.0,0.5789473684210527,-61.0,21/22,1461,55685,Norwich City,0,1683,5.0,8.0,Norwich City,0.0,205.0,0.1925910298267943,0.0277777777777777,1.0,1.0,True,True,-1.0378366826678114,-0.8409354386766371,6.933277073764596,115,72.865,40.6,32.26499999999999,202500,3645,-26700,96310
Sheffield United,1920,38,54,39.0,39.0,1.4210526315789473,0.0,19/20,1430,51063,Sheffield United,0,1683,14.0,20.0,Sheffield United,0.0,205.0,0.1766054728570638,0.0694444444444444,1.0,1.0,True,True,-1.1047781250578184,-0.6883396588773263,2.5431188091417187,79,133.2,0.35,132.85,110230,-27870,13700,74600
Sheffield United,2021,38,23,20.0,63.0,0.6052631578947368,-43.0,20/21,1430,51063,Sheffield United,0,1683,14.0,20.0,Sheffield United,0.0,205.0,0.1766054728570638,0.0694444444444444,1.0,1.0,True,True,-1.1047781250578184,-0.6883396588773263,2.5431188091417187,79,133.2,0.35,132.85,110230,-27870,13700,74600
Sheffield United,2324,38,16,35.0,104.0,0.42105263157894735,-69.0,23/24,1430,51063,Sheffield United,0,1683,14.0,20.0,Sheffield United,0.0,205.0,0.1766054728570638,0.0694444444444444,1.0,1.0,True,True,-1.1047781250578184,-0.6883396588773263,2.5431188091417187,79,133.2,0.35,132.85,110230,-27870,13700,74600
Southampton,1920,38,52,51.0,60.0,1.368421052631579,-9.0,19/20,1543,108736,Southampton,0,1683,28.0,56.0,Southampton,0.0,205.0,0.3760721598140667,0.1944444444444444,1.0,1.0,True,True,-0.2694873836128023,-0.2305523194793936,1.934085393329486,212,470.95,323.47,147.47999999999996,192600,-5214,-4600,167300
Southampton,2021,38,43,47.0,68.0,1.131578947368421,-21.0,20/21,1543,108736,Southampton,0,1683,28.0,56.0,Southampton,0.0,205.0,0.3760721598140667,0.1944444444444444,1.0,1.0,True,True,-0.2694873836128023,-0.2305523194793936,1.934085393329486,212,470.95,323.47,147.47999999999996,192600,-5214,-4600,167300
Southampton,2122,38,40,43.0,67.0,1.0526315789473684,-24.0,21/22,1543,108736,Southampton,0,1683,28.0,56.0,Southampton,0.0,205.0,0.3760721598140667,0.1944444444444444,1.0,1.0,True,True,-0.2694873836128023,-0.2305523194793936,1.934085393329486,212,470.95,323.47,147.47999999999996,192600,-5214,-4600,167300
Southampton,2223,38,25,36.0,73.0,0.6578947368421053,-37.0,22/23,1543,108736,Southampton,0,1683,28.0,56.0,Southampton,0.0,205.0,0.3760721598140667,0.1944444444444444,1.0,1.0,True,True,-0.2694873836128023,-0.2305523194793936,1.934085393329486,212,470.95,323.47,147.47999999999996,192600,-5214,-4600,167300
Southampton,2425,38,12,26.0,86.0,0.3157894736842105,-60.0,24/25,1543,108736,Southampton,0,1683,28.0,56.0,Southampton,0.0,205.0,0.3760721598140667,0.1944444444444444,1.0,1.0,True,True,-0.2694873836128023,-0.2305523194793936,1.934085393329486,212,470.95,323.47,147.47999999999996,192600,-5214,-4600,167300
Tottenham Hotspur,1920,38,59,61.0,47.0,1.5526315789473684,14.0,19/20,1588,289136,Tottenham Hotspur,0,1683,58.0,178.0,Tottenham Hotspur,0.0,205.0,1.0,0.6180555555555556,1.0,1.0,True,True,2.3432854868236395,1.320838108480267,1.6179775280898876,162,739.8,312.12,427.67999999999995,607000,-63000,24100,444000
Tottenham Hotspur,2021,38,62,68.0,45.0,1.631578947368421,23.0,20/21,1588,289136,Tottenham Hotspur,0,1683,58.0,178.0,Tottenham Hotspur,0.0,205.0,1.0,0.6180555555555556,1.0,1.0,True,True,2.3432854868236395,1.320838108480267,1.6179775280898876,162,739.8,312.12,427.67999999999995,607000,-63000,24100,444000
Tottenham Hotspur,2122,38,71,69.0,40.0,1.868421052631579,29.0,21/22,1588,289136,Tottenham Hotspur,0,1683,58.0,178.0,Tottenham Hotspur,0.0,205.0,1.0,0.6180555555555556,1.0,1.0,True,True,2.3432854868236395,1.320838108480267,1.6179775280898876,162,739.8,312.12,427.67999999999995,607000,-63000,24100,444000
Tottenham Hotspur,2223,38,60,70.0,63.0,1.5789473684210527,7.0,22/23,1588,289136,Tottenham Hotspur,0,1683,58.0,178.0,Tottenham Hotspur,0.0,205.0,1.0,0.6180555555555556,1.0,1.0,True,True,2.3432854868236395,1.320838108480267,1.6179775280898876,162,739.8,312.12,427.67999999999995,607000,-63000,24100,444000
Tottenham Hotspur,2324,38,66,74.0,61.0,1.736842105263158,13.0,23/24,1588,289136,Tottenham Hotspur,0,1683,58.0,178.0,Tottenham Hotspur,0.0,205.0,1.0,0.6180555555555556,1.0,1.0,True,True,2.3432854868236395,1.320838108480267,1.6179775280898876,162,739.8,312.12,427.67999999999995,607000,-63000,24100,444000
Tottenham Hotspur,2425,38,38,64.0,65.0,1.0,-1.0,24/25,1588,289136,Tottenham Hotspur,0,1683,58.0,178.0,Tottenham Hotspur,0.0,205.0,1.0,0.6180555555555556,1.0,1.0,True,True,2.3432854868236395,1.320838108480267,1.6179775280898876,162,739.8,312.12,427.67999999999995,607000,-63000,24100,444000
Tottenham Hotspur,2526,38,17,17.0,8.0,0.4473684210526316,9.0,25/26,1588,289136,Tottenham Hotspur,0,1683,58.0,178.0,Tottenham Hotspur,0.0,205.0,1.0,0.6180555555555556,1.0,1.0,True,True,2.3432854868236395,1.320838108480267,1.6179775280898876,162,739.8,312.12,427.67999999999995,607000,-63000,24100,444000
Watford,1920,38,34,36.0,64.0,0.8947368421052632,-28.0,19/20,1505,74744,Watford,0,1683,9.0,12.0,Watford,0.0,205.0,0.2585081069116263,0.0416666666666666,1.0,1.0,True,True,-0.7618009945433761,-0.7900701787435336,6.204194565879033,278,265.95,166.93,99.01999999999998,193040,-30480,19100,80000
Watford,2122,38,23,34.0,77.0,0.6052631578947368,-43.0,21/22,1505,74744,Watford,0,1683,9.0,12.0,Watford,0.0,205.0,0.2585081069116263,0.0416666666666666,1.0,1.0,True,True,-0.7618009945433761,-0.7900701787435336,6.204194565879033,278,265.95,166.93,99.01999999999998,193040,-30480,19100,80000
West Ham United,1920,38,39,49.0,62.0,1.0263157894736843,-13.0,19/20,1524,102274,West Ham United,0,1683,18.0,24.0,West Ham United,0.0,205.0,0.3537228155608433,0.0833333333333333,1.0,1.0,True,True,-0.3630779506236686,-0.6374743989442228,4.244673786730121,210,684.2,250.46,433.74,319000,27000,1400,312000
West Ham United,2021,38,65,62.0,47.0,1.7105263157894737,15.0,20/21,1524,102274,West Ham United,0,1683,18.0,24.0,West Ham United,0.0,205.0,0.3537228155608433,0.0833333333333333,1.0,1.0,True,True,-0.3630779506236686,-0.6374743989442228,4.244673786730121,210,684.2,250.46,433.74,319000,27000,1400,312000
West Ham United,2122,38,56,60.0,51.0,1.4736842105263157,9.0,21/22,1524,102274,West Ham United,0,1683,18.0,24.0,West Ham United,0.0,205.0,0.3537228155608433,0.0833333333333333,1.0,1.0,True,True,-0.3630779506236686,-0.6374743989442228,4.244673786730121,210,684.2,250.46,433.74,319000,27000,1400,312000
West Ham United,2223,38,40,42.0,55.0,1.0526315789473684,-13.0,22/23,1524,102274,West Ham United,0,1683,18.0,24.0,West Ham United,0.0,205.0,0.3537228155608433,0.0833333333333333,1.0,1.0,True,True,-0.3630779506236686,-0.6374743989442228,4.244673786730121,210,684.2,250.46,433.74,319000,27000,1400,312000
West Ham United,2324,38,52,60.0,74.0,1.368421052631579,-14.0,23/24,1524,102274,West Ham United,0,1683,18.0,24.0,West Ham United,0.0,205.0,0.3537228155608433,0.0833333333333333,1.0,1.0,True,True,-0.3630779506236686,-0.6374743989442228,4.244673786730121,210,684.2,250.46,433.74,319000,27000,1400,312000
West Ham United,2425,38,43,46.0,62.0,1.131578947368421,-16.0,24/25,1524,102274,West Ham United,0,1683,18.0,24.0,West Ham United,0.0,205.0,0.3537228155608433,0.0833333333333333,1.0,1.0,True,True,-0.3630779506236686,-0.6374743989442228,4.244673786730121,210,684.2,250.46,433.74,319000,27000,1400,312000
West Ham United,2526,38,7,10.0,21.0,0.18421052631578946,-11.0,25/26,1524,102274,West Ham United,0,1683,18.0,24.0,West Ham United,0.0,205.0,0.3537228155608433,0.0833333333333333,1.0,1.0,True,True,-0.3630779506236686,-0.6374743989442228,4.244673786730121,210,684.2,250.46,433.74,319000,27000,1400,312000
Wolverhampton Wanderers,1920,38,59,51.0,40.0,1.5526315789473684,11.0,19/20,1363,52339,Wolverhampton Wanderers,0,1683,9.0,9.0,Wolverhampton Wanderers,0.0,205.0,0.1810186209949643,0.03125,1.0,1.0,True,True,-1.0862975364620484,-0.8282191236933613,5.7925958718388575,263,529.957,218.77,311.187,332715,-87726,-64200,204000
Wolverhampton Wanderers,2021,38,45,36.0,52.0,1.1842105263157894,-16.0,20/21,1363,52339,Wolverhampton Wanderers,0,1683,9.0,9.0,Wolverhampton Wanderers,0.0,205.0,0.1810186209949643,0.03125,1.0,1.0,True,True,-1.0862975364620484,-0.8282191236933613,5.7925958718388575,263,529.957,218.77,311.187,332715,-87726,-64200,204000
Wolverhampton Wanderers,2122,38,51,38.0,43.0,1.3421052631578947,-5.0,21/22,1363,52339,Wolverhampton Wanderers,0,1683,9.0,9.0,Wolverhampton Wanderers,0.0,205.0,0.1810186209949643,0.03125,1.0,1.0,True,True,-1.0862975364620484,-0.8282191236933613,5.7925958718388575,263,529.957,218.77,311.187,332715,-87726,-64200,204000
Wolverhampton Wanderers,2223,38,41,31.0,58.0,1.0789473684210527,-27.0,22/23,1363,52339,Wolverhampton Wanderers,0,1683,9.0,9.0,Wolverhampton Wanderers,0.0,205.0,0.1810186209949643,0.03125,1.0,1.0,True,True,-1.0862975364620484,-0.8282191236933613,5.7925958718388575,263,529.957,218.77,311.187,332715,-87726,-64200,204000
Wolverhampton Wanderers,2324,38,46,50.0,65.0,1.2105263157894737,-15.0,23/24,1363,52339,Wolverhampton Wanderers,0,1683,9.0,9.0,Wolverhampton Wanderers,0.0,205.0,0.1810186209949643,0.03125,1.0,1.0,True,True,-1.0862975364620484,-0.8282191236933613,5.7925958718388575,263,529.957,218.77,311.187,332715,-87726,-64200,204000
Wolverhampton Wanderers,2425,38,42,54.0,69.0,1.105263157894737,-15.0,24/25,1363,52339,Wolverhampton Wanderers,0,1683,9.0,9.0,Wolverhampton Wanderers,0.0,205.0,0.1810186209949643,0.03125,1.0,1.0,True,True,-1.0862975364620484,-0.8282191236933613,5.7925958718388575,263,529.957,218.77,311.187,332715,-87726,-64200,204000
Wolverhampton Wanderers,2526,38,2,7.0,22.0,0.05263157894736842,-15.0,25/26,1363,52339,Wolverhampton Wanderers,0,1683,9.0,9.0,Wolverhampton Wanderers,0.0,205.0,0.1810186209949643,0.03125,1.0,1.0,True,True,-1.0862975364620484,-0.8282191236933613,5.7925958718388575,263,529.957,218.77,311.187,332715,-87726,-64200,204000
