club,press_degree,press_strength,club_raw_press,press_component_id,press_component_size,reddit_degree,reddit_strength,club_raw_reddit,reddit_component_id,reddit_component_size,press_strength_norm,reddit_strength_norm,press_comp_share,reddit_comp_share,press_in_giant,reddit_in_giant,press_strength_z,reddit_strength_z,press_to_reddit_strength_ratio
AFC Bournemouth,1508,72620,AFC Bournemouth,0,1683,23.0,32.0,AFC Bournemouth,0.0,205.0,0.25116208289524655,0.1111111111111111,1.0,1.0,True,True,-0.7925633536165856,-0.5357438790780154,2.260458746057219
Arsenal,1570,149741,Arsenal,0,1683,48.0,136.0,Arsenal,0.0,205.0,0.517891234574733,0.4722222222222222,1.0,1.0,True,True,0.32439704849499296,0.7867528791826789,1.0967108496876699
Aston Villa,1541,115807,Aston Villa,0,1683,14.0,28.0,Aston Villa,0.0,205.0,0.40052777931492445,0.09722222222222222,1.0,1.0,True,True,-0.16707653568122763,-0.5866091390111191,4.119714301524937
Brentford,1435,73189,Brentford,0,1683,6.0,9.0,Brentford,0.0,205.0,0.2531300149410658,0.03125,1.0,1.0,True,True,-0.784322401491983,-0.8282191236933613,8.100160478114105
Brighton & Hove Albion,1514,122193,Brighton & Hove Albion,0,1683,31.0,112.0,Brighton & Hove Albion,0.0,205.0,0.42261427148469927,0.3888888888888889,1.0,1.0,True,True,-0.07458669338296184,0.4815613195840572,1.0867224123892267
Burnley,1477,84344,Burnley,0,1683,14.0,23.0,Burnley,0.0,205.0,0.2917104753472414,0.0798611111111111,1.0,1.0,True,True,-0.6227620834780223,-0.6501907139274986,3.6527224739132844
Chelsea,1607,249450,Chelsea,0,1683,72.0,288.0,Chelsea,0.0,205.0,0.8627427923191854,1.0,1.0,1.0,True,True,1.7685044217674273,2.719632756640617,0.8627427923191854
Everton,1568,169552,Everton,0,1683,42.0,93.0,Everton,0.0,205.0,0.5864091638536882,0.3229166666666667,1.0,1.0,True,True,0.6113241179862146,0.23995133490181497,1.8159767654823893
Fulham,1514,84596,Fulham,0,1683,32.0,47.0,Fulham,0.0,205.0,0.29258203751867634,0.16319444444444445,1.0,1.0,True,True,-0.6191123120625567,-0.3449991543288768,1.7928431235186975
Leeds United,1493,68119,Leeds United,0,1683,21.0,42.0,Leeds United,0.0,205.0,0.23559501411100658,0.14583333333333334,1.0,1.0,True,True,-0.857752326398373,-0.4085807292452563,1.6155086681897592
Leicester City,1492,107170,Leicester City,0,1683,15.0,19.0,Leicester City,0.0,205.0,0.370656023463007,0.06597222222222222,1.0,1.0,True,True,-0.29216810598033816,-0.7010559738606023,5.618364987228738
Liverpool,1615,267780,Liverpool,0,1683,82.0,273.0,Liverpool,0.0,205.0,0.926138564550938,0.9479166666666666,1.0,1.0,True,True,2.0339818425828375,2.5288880318914777,0.9770252988669237
Manchester City,1603,194962,Manchester City,0,1683,53.0,121.0,Manchester City,0.0,205.0,0.6742916828067069,0.4201388888888889,1.0,1.0,True,True,0.9793427357123232,0.5960081544335403,1.6049256582506743
Manchester United,1596,211129,Manchester United,0,1683,44.0,75.0,Manchester United,0.0,205.0,0.7302065464003099,0.2604166666666667,1.0,1.0,True,True,1.2134929518783206,0.011057665202848663,2.80399313817719
Newcastle United,1555,127955,Newcastle United,0,1683,43.0,91.0,Newcastle United,0.0,205.0,0.44254260970615905,0.3159722222222222,1.0,1.0,True,True,0.008865619696055718,0.21451870493526307,1.4005744131359759
Norwich City,1461,55685,Norwich City,0,1683,5.0,8.0,Norwich City,0.0,205.0,0.19259102982679432,0.027777777777777776,1.0,1.0,True,True,-1.0378366826678114,-0.8409354386766371,6.933277073764596
Nottingham Forest,1477,96302,Nottingham Forest,0,1683,8.0,9.0,Nottingham Forest,0.0,205.0,0.33306817552985446,0.03125,1.0,1.0,True,True,-0.4495717398822408,-0.8282191236933613,10.658181616955343
Sheffield United,1430,51063,Sheffield United,0,1683,14.0,20.0,Sheffield United,0.0,205.0,0.1766054728570638,0.06944444444444445,1.0,1.0,True,True,-1.1047781250578184,-0.6883396588773263,2.5431188091417187
Southampton,1543,108736,Southampton,0,1683,28.0,56.0,Southampton,0.0,205.0,0.3760721598140667,0.19444444444444445,1.0,1.0,True,True,-0.26948738361280233,-0.2305523194793936,1.934085393329486
Tottenham Hotspur,1588,289136,Tottenham Hotspur,0,1683,58.0,178.0,Tottenham Hotspur,0.0,205.0,1.0,0.6180555555555556,1.0,1.0,True,True,2.3432854868236395,1.320838108480267,1.6179775280898876
Watford,1505,74744,Watford,0,1683,9.0,12.0,Watford,0.0,205.0,0.25850810691162635,0.041666666666666664,1.0,1.0,True,True,-0.7618009945433761,-0.7900701787435336,6.204194565879033
West Ham United,1524,102274,West Ham United,0,1683,18.0,24.0,West Ham United,0.0,205.0,0.35372281556084334,0.08333333333333333,1.0,1.0,True,True,-0.3630779506236686,-0.6374743989442228,4.244673786730121
Wolverhampton Wanderers,1363,52339,Wolverhampton Wanderers,0,1683,9.0,9.0,Wolverhampton Wanderers,0.0,205.0,0.1810186209949643,0.03125,1.0,1.0,True,True,-1.0862975364620484,-0.8282191236933613,5.7925958718388575
