season,club,press_degree,press_strength,press_component_id,press_component_size,press_strength_norm,reddit_degree,reddit_strength,reddit_component_id,reddit_component_size,reddit_strength_norm
2015,AFC Bournemouth,16,85,0,23,0.2631578947368421,,,,,
2016,AFC Bournemouth,24,2218,0,25,0.4204739336492891,,,,,
2017,AFC Bournemouth,25,2014,0,26,0.3906886517943744,,,,,
2018,AFC Bournemouth,24,2094,0,26,0.3996945982057645,0.0,0.0,3.0,1.0,0.0
2019,AFC Bournemouth,25,2489,0,26,0.4447025192067179,0.0,0.0,4.0,1.0,0.0
2020,AFC Bournemouth,24,1481,0,26,0.28707113781740645,3.0,3.0,0.0,18.0,0.14285714285714285
2021,AFC Bournemouth,23,637,0,25,0.14021571648690292,4.0,4.0,0.0,17.0,0.15384615384615385
2022,AFC Bournemouth,25,1837,0,26,0.39285714285714285,9.0,10.0,0.0,15.0,0.20408163265306123
2023,AFC Bournemouth,24,1912,0,25,0.38034613089317687,0.0,0.0,1.0,1.0,0.0
2024,AFC Bournemouth,24,2184,0,26,0.4692737430167598,1.0,1.0,0.0,9.0,0.125
2025,AFC Bournemouth,23,1077,0,25,0.5058713010803194,,,,,
2015,Arsenal,18,279,0,23,0.8637770897832817,,,,,
2016,Arsenal,24,3861,0,25,0.7319431279620853,,,,,
2017,Arsenal,25,3933,0,26,0.7629485935984481,3.0,3.0,0.0,7.0,0.6
2018,Arsenal,24,3656,0,26,0.6978430998282115,3.0,6.0,0.0,10.0,0.5
2019,Arsenal,25,3975,0,26,0.710201893871717,6.0,11.0,0.0,13.0,0.7333333333333333
2020,Arsenal,25,3683,0,26,0.7138980422562512,9.0,11.0,0.0,18.0,0.5238095238095238
2021,Arsenal,24,3234,0,25,0.711864406779661,5.0,9.0,0.0,17.0,0.34615384615384615
2022,Arsenal,25,3743,0,26,0.8004704875962361,10.0,30.0,0.0,15.0,0.6122448979591837
2023,Arsenal,24,3728,0,25,0.7415953849214243,2.0,6.0,0.0,13.0,0.20689655172413793
2024,Arsenal,24,4199,0,26,0.9022346368715084,5.0,8.0,0.0,9.0,1.0
2025,Arsenal,24,1843,0,25,0.8656646312822922,,,,,
2015,Aston Villa,19,84,0,23,0.26006191950464397,,,,,
2016,Aston Villa,24,1701,0,25,0.3224644549763033,,,,,
2017,Aston Villa,25,988,0,26,0.19165858389912707,,,,,
2018,Aston Villa,25,1333,0,26,0.25443786982248523,0.0,0.0,1.0,1.0,0.0
2019,Aston Villa,25,2911,0,26,0.5201000536001429,0.0,0.0,5.0,1.0,0.0
2020,Aston Villa,25,2795,0,26,0.5417716611746463,9.0,11.0,0.0,18.0,0.5238095238095238
2021,Aston Villa,24,2533,0,25,0.5575610829848118,1.0,1.0,0.0,17.0,0.038461538461538464
2022,Aston Villa,24,2142,0,26,0.45808383233532934,0.0,0.0,4.0,1.0,0.0
2023,Aston Villa,24,3054,0,25,0.607519395265566,2.0,2.0,0.0,13.0,0.06896551724137931
2024,Aston Villa,25,3170,0,26,0.6811345079501504,,,,,
2025,Aston Villa,24,1216,0,25,0.5711601690934711,,,,,
2015,Brentford,5,5,0,23,0.015479876160990712,,,,,
2016,Brentford,24,740,0,25,0.14028436018957346,,,,,
2017,Brentford,24,424,0,26,0.08225024248302619,,,,,
2018,Brentford,24,701,0,26,0.13380416109944646,,,,,
2019,Brentford,24,717,0,26,0.12810434161157763,1.0,1.0,0.0,13.0,0.06666666666666667
2020,Brentford,23,951,0,26,0.1843380500096918,1.0,1.0,0.0,18.0,0.047619047619047616
2021,Brentford,22,1814,0,25,0.3992956196346027,1.0,1.0,0.0,17.0,0.038461538461538464
2022,Brentford,23,1656,0,26,0.3541488451668092,3.0,4.0,0.0,15.0,0.08163265306122448
2023,Brentford,23,2055,0,25,0.40879252038989455,0.0,0.0,2.0,1.0,0.0
2024,Brentford,24,2058,0,26,0.44220025784271594,1.0,1.0,1.0,2.0,0.125
2025,Brentford,24,1060,0,25,0.49788633161108503,,,,,
2015,Brighton & Hove Albion,3,3,0,23,0.009287925696594427,,,,,
2016,Brighton & Hove Albion,23,951,0,25,0.18028436018957347,,,,,
2017,Brighton & Hove Albion,25,2046,0,26,0.39689621726479146,,,,,
2018,Brighton & Hove Albion,24,2348,0,26,0.4481771330406566,0.0,0.0,4.0,1.0,0.0
2019,Brighton & Hove Albion,25,2769,0,26,0.49472931927818475,5.0,5.0,0.0,13.0,0.3333333333333333
2020,Brighton & Hove Albion,25,2644,0,26,0.5125024229501841,9.0,11.0,0.0,18.0,0.5238095238095238
2021,Brighton & Hove Albion,24,2224,0,25,0.4895443539511336,4.0,4.0,0.0,17.0,0.15384615384615385
2022,Brighton & Hove Albion,25,2830,0,26,0.605218135158255,10.0,18.0,0.0,15.0,0.3673469387755102
2023,Brighton & Hove Albion,23,3128,0,25,0.6222399045156157,6.0,16.0,0.0,13.0,0.5517241379310345
2024,Brighton & Hove Albion,24,2995,0,26,0.6435324452084229,2.0,2.0,0.0,9.0,0.25
2025,Brighton & Hove Albion,24,1250,0,25,0.5871301080319399,,,,,
2015,Burnley,18,71,0,23,0.21981424148606812,,,,,
2016,Burnley,24,2121,0,25,0.40208530805687204,,,,,
2017,Burnley,25,2014,0,26,0.3906886517943744,,,,,
2018,Burnley,24,2160,0,26,0.4122924222179805,0.0,0.0,5.0,1.0,0.0
2019,Burnley,25,2197,0,26,0.39253171341790244,0.0,0.0,6.0,1.0,0.0
2020,Burnley,25,2176,0,26,0.4217871680558248,8.0,8.0,0.0,18.0,0.38095238095238093
2021,Burnley,24,1930,0,25,0.42482940788025536,4.0,5.0,0.0,17.0,0.19230769230769232
2022,Burnley,25,955,0,26,0.2042343883661249,0.0,0.0,2.0,1.0,0.0
2023,Burnley,24,1873,0,25,0.3725880246667993,2.0,2.0,0.0,13.0,0.06896551724137931
2024,Burnley,23,961,0,26,0.2064890416845724,0.0,0.0,5.0,1.0,0.0
2025,Burnley,24,920,0,25,0.4321277595115077,,,,,
2015,Chelsea,19,312,0,23,0.9659442724458205,,,,,
2016,Chelsea,24,5275,0,25,1.0,,,,,
2017,Chelsea,25,5155,0,26,1.0,4.0,4.0,0.0,7.0,0.8
2018,Chelsea,25,5239,0,26,1.0,7.0,12.0,0.0,10.0,1.0
2019,Chelsea,25,5099,0,26,0.9110237627300339,8.0,15.0,0.0,13.0,1.0
2020,Chelsea,25,4887,0,26,0.9472766039930219,7.0,10.0,0.0,18.0,0.47619047619047616
2021,Chelsea,24,4543,0,25,1.0,5.0,25.0,0.0,17.0,0.9615384615384616
2022,Chelsea,25,4676,0,26,1.0,11.0,49.0,0.0,15.0,1.0
2023,Chelsea,24,5027,0,25,1.0,6.0,29.0,0.0,13.0,1.0
2024,Chelsea,24,4511,0,26,0.9692737430167597,5.0,8.0,0.0,9.0,1.0
2025,Chelsea,24,2104,0,25,0.9882573978393612,,,,,
2016,Crystal Palace,21,40,0,25,0.007582938388625593,,,,,
2017,Crystal Palace,20,60,0,26,0.011639185257032008,,,,,
2018,Crystal Palace,22,49,0,26,0.009352929948463448,,,,,
2019,Crystal Palace,23,44,0,26,0.007861354296944793,,,,,
2020,Crystal Palace,19,32,0,26,0.0062027524714091875,,,,,
2021,Crystal Palace,19,24,0,25,0.005282852740479859,,,,,
2022,Crystal Palace,22,32,0,26,0.006843455945252352,,,,,
2023,Crystal Palace,15,24,0,25,0.004774219216232345,,,,,
2024,Crystal Palace,4,4,0,26,0.0008594757198109154,,,,,
2025,Crystal Palace,21,44,0,25,0.020666979802724285,,,,,
2015,Everton,18,246,0,23,0.7616099071207431,,,,,
2016,Everton,24,3724,0,25,0.7059715639810427,,,,,
2017,Everton,25,3416,0,26,0.6626576139670223,2.0,2.0,0.0,7.0,0.4
2018,Everton,24,3222,0,26,0.615002863141821,2.0,3.0,0.0,10.0,0.25
2019,Everton,25,3704,0,26,0.6617830980882615,5.0,7.0,0.0,13.0,0.4666666666666667
2020,Everton,25,3345,0,26,0.6483814692769917,9.0,11.0,0.0,18.0,0.5238095238095238
2021,Everton,24,2724,0,25,0.599603786044464,5.0,5.0,0.0,17.0,0.19230769230769232
2022,Everton,24,3135,0,26,0.6704448246364414,10.0,14.0,0.0,15.0,0.2857142857142857
2023,Everton,24,3137,0,25,0.6240302367217028,3.0,3.0,0.0,13.0,0.10344827586206896
2024,Everton,25,3213,0,26,0.6903738719381177,1.0,1.0,1.0,2.0,0.125
2025,Everton,24,1402,0,25,0.6585251291686237,,,,,
2015,Fulham,16,55,0,23,0.17027863777089783,,,,,
2016,Fulham,24,1099,0,25,0.20834123222748815,,,,,
2017,Fulham,25,1013,0,26,0.1965082444228904,,,,,
2018,Fulham,25,2445,0,26,0.4666921168161863,0.0,0.0,2.0,1.0,0.0
2019,Fulham,24,1089,0,26,0.1945685188493836,0.0,0.0,3.0,1.0,0.0
2020,Fulham,25,2352,0,26,0.4559023066485753,10.0,11.0,0.0,18.0,0.5238095238095238
2021,Fulham,24,861,0,25,0.18952234206471494,0.0,0.0,3.0,1.0,0.0
2022,Fulham,24,2156,0,26,0.46107784431137727,9.0,11.0,0.0,15.0,0.22448979591836735
2023,Fulham,24,2858,0,25,0.5685299383330018,1.0,1.0,4.0,2.0,0.034482758620689655
2024,Fulham,24,2456,0,26,0.5277180919639021,1.0,1.0,0.0,9.0,0.125
2025,Fulham,24,968,0,25,0.4546735556599342,,,,,
2015,Ipswich Town,7,7,0,23,0.021671826625386997,,,,,
2016,Ipswich Town,23,177,0,25,0.03355450236966825,,,,,
2017,Ipswich Town,23,127,0,26,0.02463627546071775,,,,,
2018,Ipswich Town,23,132,0,26,0.025195648024432145,,,,,
2019,Ipswich Town,23,96,0,26,0.017152045738788636,,,,,
2020,Ipswich Town,21,32,0,26,0.0062027524714091875,,,,,
2021,Ipswich Town,18,30,0,25,0.006603565925599824,,,,,
2022,Ipswich Town,21,41,0,26,0.008768177929854577,,,,,
2023,Ipswich Town,23,135,0,25,0.026854983091306944,,,,,
2024,Ipswich Town,22,165,0,26,0.03545337344220026,,,,,
2025,Ipswich Town,22,60,0,25,0.028182245185533115,,,,,
2015,Leeds United,14,35,0,23,0.10835913312693499,,,,,
2016,Leeds United,24,1090,0,25,0.2066350710900474,,,,,
2017,Leeds United,23,826,0,26,0.16023278370514063,,,,,
2018,Leeds United,25,1009,0,26,0.19259400648978814,1.0,1.0,0.0,10.0,0.08333333333333333
2019,Leeds United,24,1072,0,26,0.1915311774164731,2.0,2.0,0.0,13.0,0.13333333333333333
2020,Leeds United,24,1967,0,26,0.3812754409769335,2.0,3.0,0.0,18.0,0.14285714285714285
2021,Leeds United,24,1997,0,25,0.4395773717807616,4.0,4.0,0.0,17.0,0.15384615384615385
2022,Leeds United,23,1883,0,26,0.4026946107784431,3.0,5.0,0.0,15.0,0.10204081632653061
2023,Leeds United,24,1152,0,25,0.22916252237915258,1.0,1.0,0.0,13.0,0.034482758620689655
2024,Leeds United,22,851,0,26,0.18285345938977224,0.0,0.0,2.0,1.0,0.0
2025,Leeds United,23,783,0,25,0.3677782996712071,,,,,
2015,Leicester City,18,196,0,23,0.6068111455108359,,,,,
2016,Leicester City,24,2977,0,25,0.5643601895734597,,,,,
2017,Leicester City,25,1964,0,26,0.3809893307468477,0.0,0.0,4.0,1.0,0.0
2018,Leicester City,24,2203,0,26,0.4205000954380607,1.0,1.0,0.0,10.0,0.08333333333333333
2019,Leicester City,25,2434,0,26,0.4348758263355369,0.0,0.0,2.0,1.0,0.0
2020,Leicester City,24,2209,0,26,0.4281837565419655,1.0,1.0,0.0,18.0,0.047619047619047616
2021,Leicester City,24,1695,0,25,0.37310147479639005,0.0,0.0,1.0,1.0,0.0
2022,Leicester City,24,1669,0,26,0.356928999144568,2.0,3.0,0.0,15.0,0.061224489795918366
2023,Leicester City,23,1095,0,25,0.21782375174060076,0.0,0.0,3.0,1.0,0.0
2024,Leicester City,24,1870,0,26,0.40180489901160293,1.0,1.0,0.0,9.0,0.125
2025,Leicester City,24,485,0,25,0.22780648191639266,,,,,
2015,Liverpool,21,323,0,23,1.0,,,,,
2016,Liverpool,24,4920,0,25,0.9327014218009478,,,,,
2017,Liverpool,25,4798,0,26,0.9307468477206595,4.0,5.0,0.0,7.0,1.0
2018,Liverpool,25,5077,0,26,0.9690780683336515,7.0,9.0,0.0,10.0,0.75
2019,Liverpool,25,5597,0,26,1.0,7.0,13.0,0.0,13.0,0.8666666666666667
2020,Liverpool,25,5159,0,26,1.0,13.0,21.0,0.0,18.0,1.0
2021,Liverpool,24,3945,0,25,0.8683689192163768,11.0,26.0,0.0,17.0,1.0
2022,Liverpool,25,3894,0,26,0.8327630453378957,9.0,33.0,0.0,15.0,0.673469387755102
2023,Liverpool,24,4539,0,25,0.9029242092699423,8.0,26.0,0.0,13.0,0.896551724137931
2024,Liverpool,24,4654,0,26,1.0,3.0,6.0,0.0,9.0,0.75
2025,Liverpool,24,2129,0,25,1.0,,,,,
2016,Luton Town,24,122,0,25,0.023127962085308058,,,,,
2017,Luton Town,23,125,0,26,0.02424830261881668,,,,,
2018,Luton Town,24,160,0,26,0.030540179423554113,,,,,
2019,Luton Town,24,99,0,26,0.017688047168125783,,,,,
2020,Luton Town,23,84,0,26,0.016282225237449117,,,,,
2021,Luton Town,22,74,0,25,0.0162887959498129,,,,,
2022,Luton Town,23,87,0,26,0.018605645851154835,,,,,
2023,Luton Town,23,493,0,25,0.09807041973343943,,,,,
2024,Luton Town,14,21,0,26,0.0045122475290073055,,,,,
2025,Luton Town,16,17,0,25,0.007984969469234382,,,,,
2015,Manchester City,16,247,0,23,0.7647058823529411,,,,,
2016,Manchester City,24,4260,0,25,0.8075829383886256,,,,,
2017,Manchester City,25,4677,0,26,0.907274490785645,2.0,3.0,0.0,7.0,0.6
2018,Manchester City,25,5001,0,26,0.9545714831074632,3.0,3.0,0.0,10.0,0.25
2019,Manchester City,25,5314,0,26,0.949437198499196,6.0,12.0,0.0,13.0,0.8
2020,Manchester City,25,4796,0,26,0.929637526652452,12.0,19.0,0.0,18.0,0.9047619047619048
2021,Manchester City,24,4017,0,25,0.8842174774378164,4.0,10.0,0.0,17.0,0.38461538461538464
2022,Manchester City,25,4165,0,26,0.8907185628742516,12.0,25.0,0.0,15.0,0.5102040816326531
2023,Manchester City,24,4582,0,25,0.9114780186990252,4.0,6.0,0.0,13.0,0.20689655172413793
2024,Manchester City,25,4563,0,26,0.9804469273743017,4.0,6.0,0.0,9.0,0.75
2025,Manchester City,24,1837,0,25,0.8628464067637388,,,,,
2017,Manchester Utd,17,22,0,26,0.004267701260911736,,,,,
2018,Manchester Utd,9,12,0,26,0.0022905134567665587,,,,,
2019,Manchester Utd,17,17,0,26,0.0030373414329104877,,,,,
2020,Manchester Utd,15,17,0,26,0.003295212250436131,,,,,
2022,Manchester Utd,10,10,0,26,0.00213857998289136,,,,,
2024,Manchester Utd,20,28,0,26,0.006016330038676407,,,,,
2015,Norwich City,18,60,0,23,0.18575851393188855,,,,,
2016,Norwich City,24,1321,0,25,0.2504265402843602,,,,,
2017,Norwich City,25,970,0,26,0.18816682832201745,0.0,0.0,1.0,1.0,0.0
2018,Norwich City,24,954,0,26,0.1820958198129414,0.0,0.0,8.0,1.0,0.0
2019,Norwich City,25,2623,0,26,0.468643916383777,,,,,
2020,Norwich City,24,1297,0,26,0.25140531110680364,0.0,0.0,3.0,1.0,0.0
2021,Norwich City,23,2157,0,25,0.47479639005062735,2.0,3.0,0.0,17.0,0.11538461538461539
2022,Norwich City,24,596,0,26,0.12745936698032506,1.0,1.0,0.0,15.0,0.02040816326530612
2023,Norwich City,24,849,0,25,0.16888800477421922,,,,,
2024,Norwich City,23,672,0,26,0.14439192092823377,0.0,0.0,4.0,1.0,0.0
2025,Norwich City,23,180,0,25,0.08454673555659935,,,,,
2015,Sheffield United,1,1,0,23,0.0030959752321981426,,,,,
2016,Sheffield United,24,535,0,25,0.1014218009478673,,,,,
2017,Sheffield United,23,601,0,26,0.1165858389912706,,,,,
2018,Sheffield United,24,909,0,26,0.17350639435006682,,,,,
2019,Sheffield United,25,2532,0,26,0.4523852063605503,3.0,3.0,0.0,13.0,0.2
2020,Sheffield United,25,2232,0,26,0.43264198488079086,8.0,9.0,0.0,18.0,0.42857142857142855
2021,Sheffield United,24,642,0,25,0.14131631080783624,4.0,4.0,0.0,17.0,0.15384615384615385
2022,Sheffield United,25,602,0,26,0.12874251497005987,0.0,0.0,5.0,1.0,0.0
2023,Sheffield United,24,2037,0,25,0.4052118559777203,,,,,
2024,Sheffield United,23,782,0,26,0.16802750322303395,,,,,
2025,Sheffield United,24,353,0,25,0.16580554250821983,,,,,
2015,Southampton,20,190,0,23,0.5882352941176471,,,,,
2016,Southampton,24,2889,0,25,0.5476777251184834,,,,,
2017,Southampton,24,2545,0,26,0.49369544131910764,2.0,2.0,0.0,7.0,0.4
2018,Southampton,24,2406,0,26,0.459247948081695,1.0,1.0,0.0,10.0,0.08333333333333333
2019,Southampton,25,2877,0,26,0.514025370734322,2.0,2.0,0.0,13.0,0.13333333333333333
2020,Southampton,24,2382,0,26,0.4617173870905214,9.0,10.0,0.0,18.0,0.47619047619047616
2021,Southampton,24,1939,0,25,0.4268104776579353,0.0,0.0,2.0,1.0,0.0
2022,Southampton,24,2241,0,26,0.47925577416595383,10.0,13.0,0.0,15.0,0.2653061224489796
2023,Southampton,24,1431,0,25,0.2846628207678536,2.0,4.0,0.0,13.0,0.13793103448275862
2024,Southampton,23,2214,0,26,0.47571981091534166,,,,,
2025,Southampton,24,835,0,25,0.3922029121653358,,,,,
2015,Sunderland,18,105,0,23,0.32507739938080493,,,,,
2016,Sunderland,24,2951,0,25,0.559431279620853,,,,,
2017,Sunderland,25,1320,0,26,0.2560620756547042,,,,,
2018,Sunderland,24,933,0,26,0.17808742126359992,,,,,
2019,Sunderland,24,594,0,26,0.1061282830087547,,,,,
2020,Sunderland,24,650,0,26,0.12599340957549912,,,,,
2021,Sunderland,24,480,0,25,0.10565705480959718,2.0,2.0,0.0,17.0,0.07692307692307693
2022,Sunderland,24,519,0,26,0.1109923011120616,,,,,
2023,Sunderland,23,875,0,25,0.17406007559180425,0.0,0.0,5.0,1.0,0.0
2024,Sunderland,23,910,0,26,0.19553072625698323,,,,,
2025,Sunderland,24,971,0,25,0.45608266791921087,,,,,
2015,Tottenham Hotspur,17,240,0,23,0.7430340557275542,,,,,
2016,Tottenham Hotspur,24,3709,0,25,0.703127962085308,,,,,
2017,Tottenham Hotspur,25,3882,0,26,0.7530552861299709,0.0,0.0,2.0,1.0,0.0
2018,Tottenham Hotspur,25,4347,0,26,0.8297384997136859,4.0,5.0,0.0,10.0,0.4166666666666667
2019,Tottenham Hotspur,25,4589,0,26,0.8199035197427194,8.0,12.0,0.0,13.0,0.8
2020,Tottenham Hotspur,25,4191,0,26,0.8123667377398721,6.0,8.0,0.0,18.0,0.38095238095238093
2021,Tottenham Hotspur,24,3853,0,25,0.8481179837112041,5.0,13.0,0.0,17.0,0.5
2022,Tottenham Hotspur,25,3437,0,26,0.7350299401197605,10.0,21.0,0.0,15.0,0.42857142857142855
2023,Tottenham Hotspur,24,3946,0,25,0.7849612094688682,4.0,5.0,0.0,13.0,0.1724137931034483
2024,Tottenham Hotspur,25,3925,0,26,0.8433605500644606,4.0,7.0,0.0,9.0,0.875
2025,Tottenham Hotspur,24,1790,0,25,0.8407703147017379,,,,,
2015,Watford,15,88,0,23,0.2724458204334365,,,,,
2016,Watford,24,2371,0,25,0.449478672985782,,,,,
2017,Watford,25,2140,0,26,0.4151309408341416,1.0,1.0,0.0,7.0,0.2
2018,Watford,25,2278,0,26,0.4348158045428517,0.0,0.0,6.0,1.0,0.0
2019,Watford,25,2507,0,26,0.44791852778274077,0.0,0.0,1.0,1.0,0.0
2020,Watford,22,1299,0,26,0.25179298313626675,0.0,0.0,1.0,1.0,0.0
2021,Watford,22,1886,0,25,0.41514417785604224,2.0,2.0,0.0,17.0,0.07692307692307693
2022,Watford,24,622,0,26,0.1330196749358426,0.0,0.0,3.0,1.0,0.0
2023,Watford,23,590,0,25,0.11736622239904515,1.0,1.0,0.0,13.0,0.034482758620689655
2024,Watford,22,531,0,26,0.11409540180489901,,,,,
2025,Watford,22,105,0,25,0.04931892907468295,,,,,
2015,West Bromwich Albion,16,111,0,23,0.34365325077399383,,,,,
2016,West Bromwich Albion,24,1753,0,25,0.3323222748815166,,,,,
2017,West Bromwich Albion,25,2157,0,26,0.4184287099903007,,,,,
2018,West Bromwich Albion,25,1210,0,26,0.230960106890628,0.0,0.0,7.0,1.0,0.0
2019,West Bromwich Albion,24,1007,0,26,0.1799178131141683,,,,,
2020,West Bromwich Albion,25,2094,0,26,0.40589261484783873,2.0,2.0,0.0,18.0,0.09523809523809523
2021,West Bromwich Albion,23,684,0,25,0.150561303103676,,,,,
2022,West Bromwich Albion,24,470,0,26,0.10051325919589392,,,,,
2023,West Bromwich Albion,23,574,0,25,0.1141834095882236,,,,,
2024,West Bromwich Albion,24,646,0,26,0.13880532874946283,,,,,
2025,West Bromwich Albion,23,239,0,25,0.11225927665570691,,,,,
2015,West Ham United,19,200,0,23,0.6191950464396285,,,,,
2016,West Ham United,24,2589,0,25,0.4908056872037915,,,,,
2017,West Ham United,25,2572,0,26,0.49893307468477205,0.0,0.0,3.0,1.0,0.0
2018,West Ham United,23,2605,0,26,0.4972322962397404,1.0,1.0,0.0,10.0,0.08333333333333333
2019,West Ham United,25,2798,0,26,0.4999106664284438,1.0,1.0,0.0,13.0,0.06666666666666667
2020,West Ham United,24,2783,0,26,0.5394456289978679,6.0,6.0,0.0,18.0,0.2857142857142857
2021,West Ham United,24,2285,0,25,0.5029716046665199,1.0,2.0,0.0,17.0,0.07692307692307693
2022,West Ham United,25,2297,0,26,0.49123182207014543,1.0,1.0,0.0,15.0,0.02040816326530612
2023,West Ham United,24,2817,0,25,0.5603739805052715,3.0,3.0,0.0,13.0,0.10344827586206896
2024,West Ham United,24,2540,0,26,0.5457670820799312,0.0,0.0,3.0,1.0,0.0
2025,West Ham United,24,1324,0,25,0.6218882104274307,,,,,
2015,Wolverhampton Wanderers,12,15,0,23,0.04643962848297214,,,,,
2016,Wolverhampton Wanderers,23,558,0,25,0.10578199052132702,,,,,
2017,Wolverhampton Wanderers,24,475,0,26,0.0921435499515034,,,,,
2018,Wolverhampton Wanderers,24,1377,0,26,0.2628364191639626,,,,,
2019,Wolverhampton Wanderers,25,1412,0,26,0.25227800607468287,2.0,2.0,0.0,13.0,0.13333333333333333
2020,Wolverhampton Wanderers,25,1286,0,26,0.24927311494475674,0.0,0.0,2.0,1.0,0.0
2021,Wolverhampton Wanderers,24,972,0,25,0.2139555359894343,,,,,
2022,Wolverhampton Wanderers,24,999,0,26,0.21364414029084688,0.0,0.0,1.0,1.0,0.0
2023,Wolverhampton Wanderers,23,1195,0,25,0.23771633180823554,1.0,1.0,4.0,2.0,0.034482758620689655
2024,Wolverhampton Wanderers,23,1263,0,26,0.27137945853029655,,,,,
2025,Wolverhampton Wanderers,23,558,0,25,0.26209488022545796,,,,,
