club,seasons_played,avg_ppg,ppg_std,worst_ppg,best_ppg,avg_attendance,press_strength_norm,reddit_strength_norm,net_spend_eur_m,revenue
Arsenal,7,1.8270676691729324,0.3623742953495576,1.394736842105263,2.3421052631578947,43835.06605800214,0.5449041752740542,0.4285714285714285,,435000.0
Aston Villa,7,1.4022556390977443,0.33103348538695354,0.9210526315789473,1.7894736842105263,36307.65153391845,0.4273737541277763,0.0248447204968944,2.8199999999999933e-06,236000.0
Brighton,7,1.3045112781954888,0.23530551389644466,1.0789473684210527,1.631578947368421,31891.852255055157,,,,
Burnley,5,1.0,0.28281822710795634,0.631578947368421,1.4210526315789473,25861.24133091349,0.3107782083565795,0.0745341614906832,,135200.0
Chelsea,7,1.6090225563909775,0.3119017159061063,1.1578947368421053,1.9473684210526316,35345.70222971221,0.9278977366968744,1.0,,586000.0
Crystal Palace,7,1.2255639097744362,0.09470899061499329,1.131578947368421,1.394736842105263,29668.06018494512,,,8.562000000000001e-05,222642.0
Everton,7,1.199248120300752,0.20657316052747507,0.9473684210526315,1.5526315789473684,35829.87628554144,0.6346371326467528,0.2919254658385093,,246558.0
Fulham,5,1.1578947368421053,0.28035889148240156,0.7368421052631579,1.4210526315789473,26690.516491228067,0.3107254331337927,0.1739130434782608,,88975.0
Leeds United,4,1.098684210526316,0.3167929961358657,0.8157894736842105,1.5526315789473684,29569.751315789472,0.2544821242781103,0.1614906832298136,5.890000000000001e-05,234260.0
Leicester City,5,1.2578947368421054,0.46720717939309786,0.6578947368421053,1.736842105263158,30565.672232304896,0.4045673185663234,0.0434782608695652,6.36e-05,264487.0
Liverpool,7,2.026315789473684,0.4692777500033422,1.2105263157894737,2.6052631578947367,40306.33411113992,1.0,0.8695652173913043,,725000.0
Manchester City,7,2.0977443609022557,0.42669310942331434,1.236842105263158,2.4473684210526314,40605.83557107054,0.7088428655438109,0.2670807453416149,4.07e-05,815000.0
Manchester Utd,7,1.5789473684210527,0.34142983256190457,1.105263157894737,1.9736842105263157,48725.41037075448,,,,
Newcastle Utd,7,1.4097744360902256,0.3168320300815282,1.0526315789473684,1.868421052631579,39371.72183331893,,,,
Sheffield Utd,3,0.8157894736842105,0.5322039056883338,0.42105263157894735,1.4210526315789473,25052.52548036758,,,,
Southampton,5,0.9052631578947368,0.41716959490610933,0.3157894736842105,1.368421052631579,29333.204718693287,0.4040357966796845,0.1739130434782608,,167300.0
Tottenham,7,1.5075187969924813,0.30753626069500095,1.0,1.868421052631579,43822.18441794141,,,,
West Ham,7,1.2406015037593985,0.2848225101485084,0.9210526315789473,1.7105263157894737,43600.384942240664,,,,
Wolves,7,1.1804511278195489,0.2360750597750158,0.7894736842105263,1.5526315789473684,30945.721381038806,,,,
